{"entities":{"pages":{"Introduction":{"id":"Introduction","title":"Blabber – Social Media Fejlesztési terv","url":"introduction.html","level":0,"tabIndex":0},"Tesztelés":{"id":"Tesztelés","title":"Tesztelés","url":"tesztelés.html","level":0,"pages":["Tesztelési-terv","Teszt-eredmények"],"tabIndex":1},"Tesztelési-terv":{"id":"Tesztelési-terv","title":"Tesztelési Terv","url":"tesztelési-terv.html","level":1,"parentId":"Tesztelés","tabIndex":0},"Teszt-eredmények":{"id":"Teszt-eredmények","title":"Felhasználói Tesztelési Eredmények","url":"teszt-eredmények.html","level":1,"parentId":"Tesztelés","tabIndex":1},"f34c6n_4":{"id":"f34c6n_4","title":"APIs","level":0,"pages":["Posts"],"tabIndex":2},"Posts":{"id":"Posts","title":"Posztok API Dokumentáció","url":"posts.html","level":1,"parentId":"f34c6n_4","tabIndex":0},"Profile-datas":{"id":"Profile-datas","title":"IdentiShare","url":"profile-datas.html","level":0,"tabIndex":3}}},"topLevelIds":["Introduction","Tesztelés","f34c6n_4","Profile-datas"]}